words,index,frequency,abstracts
The,1,0,0
B,2,0,0
physics,3,154,87
potential,4,15,13
of,5,613,94
CMS,6,0,0
detector,7,18,12
to,8,219,76
be,9,83,46
built,10,2,2
at,11,78,46
LHC,12,0,0
CERN,13,0,0
is,14,178,71
presented,15,22,17
First,16,0,0
components,17,4,4
are,18,125,62
briefly,19,9,8
reviewed,20,19,12
with,21,89,51
an,22,52,38
emphasis,23,11,11
on,24,94,54
their,25,13,12
role,26,8,6
for,27,141,66
Then,28,0,0
a,29,221,79
description,30,6,5
some,31,25,22
measurements,32,19,17
that,33,75,45
could,34,11,10
done,35,4,4
such,36,16,12
as,37,74,36
CKM,38,0,0
angle,39,5,5
beta,40,7,6
mixing,41,7,6
parameter,42,3,3
x,43,10,6
s,44,20,17
and,45,350,93
number,46,18,14
rare,47,6,6
decay,48,10,8
studies,49,11,9
follows,50,1,1
Finally,51,0,0
possible,52,13,12
high,53,33,25
level,54,12,9
trigger,55,10,3
algorithm,56,2,2
discussed,57,28,20
five,58,4,2
ARIES,59,0,0
designs,60,1,1
which,61,46,30
correspond,62,2,2
different,63,12,11
tokamak,64,4,2
operating,65,6,4
modes,66,3,2
compared,67,5,3
Physics,68,0,0
figures,69,1,1
merit,70,1,1
introduced,71,2,2
quantify,72,2,2
major,73,7,6
parameters,74,10,8
design,75,6,3
in,76,299,88
space,77,10,8
one,78,12,12
another,79,2,2
existing,80,4,3
data,81,19,12
base,82,5,4
terms,83,4,3
these,84,29,22
While,85,0,0
steady,86,1,1
state,87,12,10
stability,88,5,3
I,89,0,0
pulsed,90,3,2
PULSAR,91,0,0
closest,92,1,1
no,93,4,4
has,94,32,25
yet,95,2,2
been,96,28,20
completely,97,3,3
prototyped,98,1,1
tokamaks,99,1,1
Photodetectors,100,0,0
widely,101,3,3
used,102,26,22
particle,103,20,12
nuclear,104,31,15
research,105,19,10
Since,106,0,0
beginning,107,2,2
modern,108,4,4
era,109,1,1
photoelectric,110,1,1
transducers,111,1,1
late,112,1,1
many,113,13,12
types,114,2,2
devices,115,5,2
have,116,33,27
developed,117,4,4
exploited,118,1,1
New,119,0,0
performance,120,3,3
requirements,121,3,3
arising,122,1,1
experiments,123,26,19
often,124,3,3
provided,125,2,2
very,126,14,10
interesting,127,7,6
technological,128,3,2
drivers,129,1,1
industry,130,1,1
ideas,131,1,1
photo,132,1,1
detection,133,7,6
rapidly,134,2,2
adapted,135,2,2
by,136,52,35
community,137,4,4
enable,138,1,1
more,139,11,11
powerful,140,1,1
experimental,141,19,15
capabilities,142,4,4
This,143,0,0
report,144,3,3
gives,145,2,2
sampling,146,1,1
developments,147,9,9
photodetection,148,1,1
period,149,3,3
conference,150,1,1
series,151,3,3
Beaune,152,0,0
Representative,153,0,0
examples,154,8,7
advances,155,3,3
vacuum,156,2,2
solid,157,1,1
gaseous,158,2,2
described,159,7,7
including,160,11,10
where,161,6,5
appropriate,162,3,3
areas,163,5,4
improvements,164,1,1
needed,165,5,5
or,166,16,13
expected,167,10,9
modelling,168,1,1
traffic,169,7,2
flow,170,9,3
using,171,20,17
methods,172,8,6
models,173,16,10
from,174,40,30
long,175,12,12
history,176,2,2
In,177,0,0
recent,178,26,21
years,179,3,3
especially,180,2,2
cellular,181,3,2
automata,182,3,2
allowed,183,2,2
large,184,19,16
scale,185,11,9
simulations,186,4,4
networks,187,1,1
faster,188,1,1
than,189,10,8
real,190,3,2
time,191,14,11
On,192,0,0
other,193,11,8
hand,194,2,2
systems,195,13,10
physicists,196,2,2
they,197,11,11
allow,198,4,4
observe,199,2,2
genuine,200,2,2
nonequilibrium,201,3,2
effects,202,18,15
Here,203,0,0
current,204,19,19
status,205,7,7
special,206,5,5
e,207,24,12
g,208,13,5
phase,209,10,9
transitions,210,2,2
induced,211,4,4
off,212,2,2
ramps,213,1,1
Monte,214,0,0
Carlo,215,0,0
techniques,216,10,7
employed,217,1,1
statistical,218,13,5
well,219,20,13
quantum,220,15,10
theory,221,15,14
Lagrangian,222,0,0
formulation,223,1,1
However,224,0,0
application,225,5,4
theories,226,5,4
computational,227,2,2
progress,228,3,3
slow,229,1,1
we,230,62,33
present,231,18,13
recently,232,3,3
approach,233,9,7
Hamiltonian,234,0,0
method,235,8,7
designed,236,2,2
overcome,237,1,1
difficulties,238,1,1
conventional,239,2,2
An,240,0,0
overview,241,10,10
strangeness,242,2,1
given,243,13,11
focussing,244,1,1
spin,245,15,7
dependent,246,7,7
Lambda,247,0,0
hypernuclei,248,2,1
LambdaN,249,0,0
NN,250,0,0
weak,251,2,2
interaction,252,11,7
density,253,8,7
dependence,254,8,4
Sigma,255,0,0
double,256,6,5
A,257,0,0
placed,258,3,3
proposal,259,1,1
study,260,24,17
experimentally,261,2,2
Xi,262,0,0
atoms,263,9,4
paper,264,13,12
prospects,265,8,7
BELLE,266,0,0
experiment,267,14,11
dedicated,268,2,2
CP,269,0,0
violation,270,5,5
meson,271,4,4
system,272,14,11
brief,273,7,7
introduction,274,3,3
will,275,41,19
give,276,8,8
motivation,277,4,3
next,278,6,6
running,279,6,4
beyond,280,5,5
outlined,281,1,1
so,282,12,11
called,283,2,1
microscopic,284,2,2
vehicular,285,4,1
attention,286,7,7
paid,287,1,1
explicitly,288,1,1
each,289,6,4
individual,290,2,2
vehicle,291,1,1
represented,292,1,1
nature,293,2,2
interactions,294,13,10
among,295,3,3
particles,296,6,5
determined,297,5,5
way,298,7,6
vehicles,299,1,1
influence,300,1,1
others,301,1,1
movement,302,2,2
Therefore,303,0,0
modeled,304,1,1
interacting,305,3,3
driven,306,4,3
far,307,3,3
equilibrium,308,1,1
offers,309,1,1
possibility,310,2,2
various,311,11,8
fundamental,312,9,9
aspects,313,9,9
truly,314,1,1
interest,315,6,6
Analytical,316,0,0
numerical,317,5,5
being,318,10,8
understand,319,3,3
rich,320,4,4
variety,321,3,3
physical,322,14,10
phenomena,323,8,6
exhibited,324,1,1
Some,325,0,0
observed,326,5,5
under,327,10,10
circumstances,328,1,1
include,329,8,8
dynamical,330,2,2
criticality,331,2,1
self,332,2,2
organized,333,1,1
metastability,334,1,1
hysteresis,335,1,1
segregation,336,1,1
etc,337,1,1
critical,338,3,3
review,339,13,12
written,340,1,1
perspective,341,1,1
explain,342,2,2
guiding,343,2,2
principles,344,5,5
behind,345,1,1
all,346,6,6
main,347,8,7
theoretical,348,19,13
approaches,349,2,2
But,350,0,0
detailed,351,4,4
discussions,352,1,1
results,353,29,24
obtained,354,11,11
mainly,355,1,1
hopping,356,1,1
particularly,357,4,4
emphasizing,358,2,2
those,359,2,2
formulated,360,1,1
language,361,2,2
precision,362,8,5
ATLAS,363,0,0
Large,364,0,0
Hadron,365,0,0
Collider,366,0,0
Examples,367,0,0
W,368,0,0
Drell,369,0,0
Yan,370,0,0
production,371,12,10
lepton,372,5,5
pairs,373,1,1
Triple,374,0,0
Gauge,375,0,0
Couplings,376,0,0
top,377,3,3
Higgs,378,0,0
Supersymmetry,379,0,0
Recent,380,0,0
decays,381,11,9
charmonium,382,1,1
together,383,3,3
related,384,7,7
issues,385,4,4
future,386,19,15
discovery,387,5,5
Crab,388,0,0
nebula,389,1,1
emitter,390,1,1
energy,391,38,27
gamma,392,16,7
rays,393,2,1
ground,394,4,3
based,395,21,17
astronomy,396,3,2
opened,397,1,1
unique,398,4,4
window,399,2,2
proceses,400,1,1
occuring,401,1,1
near,402,5,5
distant,403,1,1
universe,404,3,2
Currently,405,0,0
generation,406,4,3
Imaging,407,0,0
Air,408,0,0
Cherenkov,409,0,0
Telescopes,410,0,0
construction,411,5,5
several,412,11,9
locations,413,1,1
northern,414,1,1
southern,415,1,1
hemisphere,416,1,1
Based,417,0,0
MAGIC,418,0,0
Telescope,419,0,0
significant,420,2,2
enhancement,421,2,2
ray,422,8,7
indicated,423,1,1
We,424,0,0
selected,425,4,4
relation,426,8,7
between,427,27,15
string,428,2,2
facilities,429,2,2
After,430,0,0
short,431,8,8
its,432,13,11
constituents,433,3,3
goals,434,2,2
performances,435,1,1
Detailed,436,0,0
sinbeta,437,2,2
measurement,438,12,10
channel,439,3,3
d,440,20,9
o,441,4,2
J,442,0,0
psi,443,1,1
KS,444,0,0
tagging,445,2,2
strategies,446,1,1
introduce,447,5,5
laser,448,9,6
electron,449,17,13
photon,450,14,8
LEP,451,0,0
facility,452,7,4
SPring,453,0,0
field,454,13,11
Quark,455,0,0
Nuclear,456,0,0
As,457,0,0
promising,458,1,1
tool,459,2,2
discuss,460,11,11
dual,461,1,1
Ginzburg,462,0,0
Landau,463,0,0
low,464,26,22
range,465,10,9
strongly,466,2,2
measure,467,4,4
photoproduction,468,1,1
phi,469,1,1
detect,470,2,2
glueball,471,1,1
t,472,15,9
show,473,5,5
clear,474,2,2
systematics,475,1,1
seen,476,3,3
baryon,477,1,1
spectra,478,3,3
compare,479,2,2
simple,480,9,7
deformed,481,1,1
oscillator,482,2,2
model,483,27,20
There,484,0,0
problems,485,8,8
work,486,9,7
out,487,3,3
develop,488,4,4
Gravity,489,0,0
obscures,490,1,1
most,491,11,11
subtle,492,2,2
key,493,4,4
solving,494,1,1
outstanding,495,1,1
questions,496,3,2
today,497,1,1
To,498,0,0
address,499,1,1
micro,500,1,1
division,501,1,1
NASA,502,0,0
formed,503,2,2
discipline,504,4,2
focus,505,5,5
Low,506,0,0
Temperature,507,0,0
Condensed,508,0,0
Matter,509,0,0
LT,510,0,0
CMP,511,0,0
Laser,512,0,0
Cooling,513,0,0
Atomic,514,0,0
LCAP,515,0,0
Gravitational,516,0,0
Relativistic,517,0,0
GRP,518,0,0
objectives,519,1,1
support,520,3,2
flight,521,6,3
enabling,522,1,1
technologies,523,2,2
conduct,524,1,1
investigations,525,3,2
going,526,1,1
funded,527,1,1
directions,528,1,1
plans,529,3,3
development,530,12,11
hardware,531,2,2
International,532,0,0
Space,533,0,0
Station,534,0,0
over,535,8,7
decades,536,3,3
also,537,15,14
planned,538,3,3
cryogenic,539,3,2
providing,540,2,2
environment,541,2,2
below,542,8,6
Kelvin,543,0,0
up,544,9,6
months,545,1,1
investigators,546,4,2
Between,547,0,0
CDF,548,0,0
collected,549,3,2
sample,550,1,1
pb,551,1,1
p,552,13,5
collisions,553,8,7
TeV,554,0,0
Fermilab,555,0,0
Tevatron,556,0,0
year,557,2,2
commence,558,1,1
again,559,1,1
delivering,560,2,2
integrated,561,4,4
luminosity,562,8,5
fb,563,4,3
yr,564,1,1
mean,565,5,4
undergone,566,1,1
substantial,567,2,2
upgrades,568,1,1
program,569,7,6
during,570,4,4
upcoming,571,1,1
run,572,2,2
central,573,2,2
neutrinos,574,7,5
determination,575,6,5
SuperKamiokande,576,0,0
neutrino,577,17,8
mass,578,17,11
c,579,19,8
distances,580,4,2
tests,581,4,4
flavor,582,4,4
symmetries,583,2,2
derived,584,4,4
grand,585,1,1
unification,586,2,2
can,587,42,30
help,588,2,2
determine,589,5,5
standard,590,17,13
sector,591,3,3
successes,592,1,1
determining,593,1,1
particular,594,14,11
Emphasis,595,0,0
put,596,3,3
fact,597,2,2
only,598,4,4
complementary,599,4,4
yield,600,2,2
precise,601,3,3
information,602,8,7
inconsistencies,603,1,1
apply,604,1,1
general,605,5,5
formalism,606,4,4
improved,607,1,1
effective,608,4,4
scales,609,4,4
compute,610,1,1
M,611,0,0
stabilize,612,1,1
Standard,613,0,0
Model,614,0,0
presence,615,4,4
light,616,14,12
find,617,5,5
imposing,618,1,1
perturbativity,619,1,1
order,620,9,8
magnitude,621,1,1
higher,622,6,5
instability,623,1,1
implies,624,2,2
lower,625,4,4
bounds,626,2,2
easily,627,2,2
not,628,10,10
necessarily,629,1,1
escape,630,1,1
accelerators,631,2,2
Superconducting,632,0,0
magnet,633,2,2
technology,634,4,3
detectors,635,7,6
advanced,636,2,2
provide,637,8,6
magnetic,638,8,5
fields,639,4,4
progressed,640,1,1
meet,641,2,2
requirement,642,1,1
having,643,2,2
maximum,644,1,1
minimum,645,1,1
material,646,5,5
includes,647,2,2
magnets,648,2,2
discusses,649,5,5
cubic,650,1,1
zinc,651,1,1
blende,652,1,1
boron,653,1,1
nitride,654,3,3
BN,655,0,0
affords,656,1,1
plethora,657,1,1
applications,658,4,4
hardness,659,1,1
chemical,660,2,2
reactivity,661,1,1
thermal,662,6,3
conductivity,663,1,1
band,664,3,3
gap,665,2,2
growth,666,4,1
carried,667,1,1
elaborate,668,3,2
monocrystalline,669,1,1
films,670,4,2
strong,671,6,6
film,672,5,2
substrate,673,3,1
adherence,674,1,1
now,675,5,5
substrates,676,3,1
although,677,5,4
concentration,678,3,3
increasing,679,1,1
optimization,680,2,1
still,681,4,3
question,682,2,2
debate,683,1,1
Optimum,684,0,0
conditions,685,5,4
must,686,1,1
found,687,9,8
energetic,688,1,1
IBAD,689,0,0
polarization,690,5,4
basic,691,5,5
heart,692,1,1
any,693,3,3
strategy,694,3,2
aims,695,2,2
quality,696,4,2
involves,697,1,1
heteroepitaxy,698,1,1
aspect,699,2,2
process,700,8,6
consists,701,2,2
taking,702,2,2
advantage,703,2,2
freedom,704,4,4
degrees,705,4,4
choice,706,2,1
buffer,707,2,1
layers,708,2,1
optimize,709,1,1
heterointerfaces,710,1,1
Although,711,0,0
tested,712,2,2
optimized,713,2,2
remain,714,1,1
improve,715,4,3
less,716,3,3
investigated,717,2,2
communication,718,2,2
art,719,1,1
problem,720,2,2
demonstrate,721,1,1
variation,722,2,2
content,723,2,2
grown,724,1,1
understood,725,4,4
basis,726,6,6
elasticity,727,2,2
heavy,728,7,5
fermion,729,4,4
formation,730,3,3
liquid,731,3,3
open,732,1,1
issue,733,1,1
One,734,0,0
competing,735,2,2
points,736,1,1
view,737,2,2
Nozieres,738,0,0
exhaustion,739,1,1
scenario,740,1,1
predicts,741,2,2
reduced,742,2,2
Kondo,743,0,0
concentrated,744,1,1
properties,745,17,13
paramagnetic,746,2,2
periodic,747,2,2
Anderson,748,0,0
within,749,8,7
T,750,0,0
Wilson,751,0,0
renormalization,752,1,1
group,753,4,4
Special,754,0,0
laid,755,1,1
lattice,756,4,4
impurity,757,1,1
adressed,758,1,1
Europe,759,0,0
Leaving,760,0,0
aside,761,1,1
machines,762,1,1
case,763,6,5
COMPASS,764,0,0
SPS,765,0,0
project,766,1,1
antiproton,767,2,2
framework,768,4,3
GSI,769,0,0
With,770,0,0
ending,771,1,1
LEAR,772,0,0
programme,773,2,2
resources,774,3,3
disappearance,775,1,1
European,776,0,0
projects,777,3,2
two,778,17,13
carry,779,1,1
heritage,780,1,1
Europes,781,0,0
lasting,782,1,1
engagement,783,1,1
beams,784,6,5
into,785,8,8
millenium,786,1,1
explore,787,3,3
proton,788,7,5
center,789,1,1
cm,790,2,2
Tripler,791,0,0
upgrade,792,4,2
robust,793,2,2
usual,794,1,1
boson,795,11,7
benchmarks,796,1,1
discoveries,797,1,1
made,798,5,5
GeV,799,0,0
lighter,800,1,1
chargino,801,1,1
extra,802,2,2
Z,803,0,0
four,804,4,3
contact,805,4,4
excluded,806,1,1
confidence,807,1,1
scope,808,1,1
projected,809,1,1
early,810,5,4
statistics,811,4,4
channels,812,3,3
unitarity,813,2,2
triangle,814,4,3
angles,815,3,3
alpha,816,1,1
searches,817,4,4
deviations,818,2,2
perform,819,3,2
Bs,820,0,0
oscillations,821,4,4
able,822,4,3
access,823,2,2
produce,824,2,2
events,825,8,5
unprecedented,826,1,1
rate,827,4,3
recorded,828,2,2
limited,829,3,2
stored,830,3,3
offline,831,1,1
subsequently,832,1,1
analysed,833,2,2
Despite,834,0,0
huge,835,1,1
small,836,2,2
branching,837,1,1
ratios,838,1,1
analysis,839,5,5
challenge,840,1,1
Trigger,841,0,0
Data,842,0,0
Acquisition,843,0,0
DAQ,844,0,0
maximise,845,1,1
fraction,846,2,2
stream,847,1,1
split,848,1,1
three,849,11,6
levels,850,1,1
initial,851,5,3
selection,852,2,2
inclusive,853,4,3
muon,854,19,7
second,855,5,5
identifying,856,1,1
classes,857,1,1
final,858,6,6
states,859,12,6
partial,860,3,3
reconstruction,861,2,1
confirmed,862,1,1
before,863,1,1
proceeding,864,1,1
track,865,2,1
search,866,4,4
Electron,867,0,0
separation,868,2,2
transition,869,7,6
radiation,870,14,8
tracking,871,3,2
Electromagnetic,872,0,0
calorimeter,873,3,2
Muon,874,0,0
identification,875,3,3
hadronic,876,7,6
From,877,0,0
silicon,878,1,1
strips,879,1,1
pixels,880,1,1
straw,881,1,1
make,882,7,7
selections,883,1,1
invariant,884,1,1
momentum,885,8,5
impact,886,2,2
engaged,887,1,1
optimisation,888,1,1
closely,889,1,1
coupled,890,2,2
R,891,0,0
D,892,0,0
triggers,893,1,1
Together,894,0,0
programmes,895,1,1
optimise,896,1,1
architecture,897,1,1
algorithms,898,1,1
challenging,899,1,1
describes,900,6,6
advantages,901,3,2
separate,902,1,1
undergraduate,903,2,1
course,904,1,1
computer,905,1,1
Also,906,0,0
Java,907,0,0
timeliness,908,1,1
integrating,909,1,1
curriculum,910,2,1
reflects,911,1,1
summarize,912,3,3
CLEO,913,0,0
collaboration,914,4,3
Cornell,915,0,0
positron,916,8,3
storage,917,4,3
ring,918,11,4
upsilon,919,3,2
S,920,0,0
resonance,921,4,4
determinations,922,1,1
elements,923,5,4
matrix,924,7,5
semileptonic,925,2,2
nonleptonic,926,1,1
charmless,927,1,1
accumulate,928,1,1
cool,929,1,1
numbers,930,1,1
positrons,931,3,1
radioactive,932,1,1
Na,933,0,0
source,934,6,6
neon,935,1,1
moderator,936,1,1
operation,937,3,3
accumulator,938,1,1
Experiments,939,0,0
use,940,6,5
molecules,941,3,1
energies,942,11,8
threshold,943,5,5
positronium,944,1,1
systematic,945,3,3
annihilation,946,5,2
composition,947,2,2
By,948,0,0
measuring,949,4,4
Doppler,950,0,0
broadening,951,1,1
annihilating,952,1,1
electrons,953,4,3
was,954,9,8
identified,955,3,3
These,956,0,0
indicate,957,4,3
annihilate,958,1,1
approximately,959,1,1
equal,960,2,2
probability,961,1,1
valence,962,1,1
Annihilation,963,0,0
inner,964,1,1
shell,965,2,2
infrequent,966,1,1
measurable,967,2,2
few,968,2,2
percent,969,2,2
heavier,970,2,2
Measurements,971,0,0
rates,972,1,1
function,973,8,6
revealed,974,1,1
trends,975,1,1
technique,976,3,2
cold,977,4,2
bright,978,1,1
beam,979,10,5
scattering,980,15,9
eV,981,0,0
Other,982,0,0
molecular,983,2,2
accumulation,984,1,1
hypernuclear,985,7,1
spectroscopy,986,6,2
great,987,5,5
significance,988,1,1
investigation,989,1,1
structure,990,18,7
chapter,991,12,7
reviews,992,3,3
regime,993,6,6
Wide,994,0,0
investigate,995,6,5
referring,996,1,1
spectroscopic,997,1,1
Quantitative,998,0,0
opportunities,999,3,3
pi,1000,10,5
K,1001,0,0
reaction,1002,2,2
SKS,1003,0,0
spectrometer,1004,3,2
established,1005,2,2
value,1006,4,4
good,1007,4,4
resolution,1008,5,4
efficiency,1009,1,1
Hypernuclear,1010,0,0
Ge,1011,0,0
array,1012,1,1
proved,1013,2,2
unparalleled,1014,1,1
giving,1015,2,2
crucial,1016,1,1
Future,1017,0,0
prospect,1018,1,1
Intensity,1019,0,0
interferometry,1020,2,2
Bose,1021,0,0
Einstein,1022,0,0
correlations,1023,10,6
BEC,1024,0,0
constitutes,1025,1,1
direct,1026,4,4
sizes,1027,2,2
lifetimes,1028,2,2
sources,1029,4,3
essential,1030,3,2
understanding,1031,10,8
dynamics,1032,13,8
responsible,1033,2,2
existence,1034,4,2
nuclei,1035,7,5
Moreover,1036,0,0
ultimate,1037,2,2
move,1038,1,1
freely,1039,1,1
reach,1040,3,3
confirmation,1041,1,1
intimately,1042,1,1
linked,1043,1,1
Furthermore,1044,0,0
provides,1045,7,7
about,1046,10,9
coherence,1047,2,1
lies,1048,1,1
phenomenon,1049,2,2
condensation,1050,1,1
chapters,1051,1,1
Coherence,1052,0,0
associated,1053,4,4
classical,1054,4,3
ingredients,1055,1,1
Last,1056,0,0
least,1057,2,2
besides,1058,1,1
applicative,1059,1,1
effect,1060,8,7
implications,1061,4,4
foundations,1062,2,2
mechanics,1063,3,3
concept,1064,5,4
identical,1065,1,1
ion,1066,1,1
reactions,1067,5,4
treated,1068,2,2
topics,1069,8,8
comparison,1070,4,4
wave,1071,5,3
currents,1072,2,2
surprising,1073,1,1
anti,1074,2,2
hydrodynamics,1075,1,1
multiplicity,1076,5,4
distributions,1077,5,4
scintillator,1078,2,2
installed,1079,2,2
underground,1080,2,2
cavity,1081,2,2
Kamiokande,1082,0,0
once,1083,1,1
sited,1084,1,1
geophysics,1085,1,1
astrophysics,1086,1,1
KamLAND,1087,0,0
conceived,1088,2,2
scalable,1089,1,1
start,1090,3,3
stage,1091,3,2
deliver,1092,2,2
require,1093,3,3
day,1094,3,3
establish,1095,1,1
backgrounds,1096,2,2
ultra,1097,3,3
background,1098,5,5
baseline,1099,1,1
oscillation,1100,4,3
reactors,1101,3,3
considered,1102,4,4
test,1103,2,2
observation,1104,6,5
Earth,1105,0,0
supernovae,1106,1,1
atmosphere,1107,1,1
nucleon,1108,10,5
part,1109,3,3
ambitious,1110,2,2
later,1111,1,1
solar,1112,1,1
become,1113,3,3
gases,1114,2,1
class,1115,1,1
fluids,1116,2,1
They,1117,0,0
produced,1118,2,2
dilute,1119,1,1
gas,1120,7,3
nanokelvin,1121,1,1
temperatures,1122,2,2
evaporative,1123,1,1
interdisciplinary,1124,1,1
Topics,1125,0,0
body,1126,2,2
studied,1127,6,6
Many,1128,0,0
standing,1129,1,1
predictions,1130,6,5
weakly,1131,1,1
verified,1132,1,1
thermodynamic,1133,1,1
dynamic,1134,3,2
shape,1135,2,2
sound,1136,1,1
propagation,1137,2,2
Stimulated,1138,0,0
factor,1139,1,1
both,1140,8,7
phonon,1141,1,1
free,1142,3,3
condensates,1143,2,1
novel,1144,2,2
multi,1145,3,3
component,1146,3,3
spinor,1147,1,1
domain,1148,1,1
miscibility,1149,1,1
immiscibility,1150,1,1
finite,1151,5,5
size,1152,1,1
ionized,1153,1,1
vapor,1154,1,1
deposition,1155,2,1
PVD,1156,0,0
goal,1157,3,3
salient,1158,2,2
mechanisms,1159,4,4
connecting,1160,1,1
externally,1161,1,1
controlled,1162,1,1
internal,1163,2,2
plasma,1164,8,3
Because,1165,0,0
purpose,1166,1,1
foster,1167,1,1
intuitive,1168,2,2
descriptions,1169,3,3
successfully,1170,1,1
describe,1171,3,3
generic,1172,1,1
applied,1173,6,5
typically,1174,1,1
generated,1175,1,1
radio,1176,1,1
frequency,1177,3,3
inductive,1178,1,1
coupling,1179,8,5
microwave,1180,4,3
cyclotron,1181,1,1
DC,1182,0,0
hollow,1183,1,1
cathode,1184,1,1
magnetron,1185,1,1
processes,1186,9,7
created,1187,2,2
pressure,1188,4,3
reactor,1189,2,2
mTorr,1190,0,0
inert,1191,1,1
argon,1192,1,1
pure,1193,1,1
metals,1194,1,1
nitrogen,1195,1,1
may,1196,4,3
added,1197,1,1
if,1198,7,6
metal,1199,2,1
compounds,1200,1,1
chamber,1201,2,2
geometry,1202,1,1
power,1203,4,2
type,1204,6,4
target,1205,7,5
achieve,1206,1,1
proper,1207,1,1
degree,1208,4,4
ionization,1209,3,3
collimation,1210,1,1
uniformity,1211,1,1
researchers,1212,5,3
met,1213,1,1
twice,1214,1,1
area,1215,1,1
meetings,1216,1,1
package,1217,1,1
titled,1218,1,1
Roadmap,1219,0,0
Fundamental,1220,0,0
summary,1221,1,1
along,1222,1,1
Research,1223,0,0
performed,1224,5,5
evaluated,1225,1,1
grow,1226,1,1
further,1227,2,2
cycle,1228,2,2
toward,1229,1,1
end,1230,3,3
our,1231,11,7
take,1232,1,1
duration,1233,1,1
experimentation,1234,1,1
suite,1235,1,1
carriers,1236,1,1
fluctuations,1237,8,3
Cosmic,1238,0,0
Microwave,1239,0,0
Background,1240,0,0
Radiation,1241,0,0
CMBR,1242,0,0
contain,1243,1,1
Two,1244,0,0
satellites,1245,1,1
fluctuation,1246,3,3
spectrum,1247,1,1
precisely,1248,2,2
almost,1249,2,2
relevant,1250,3,3
cosmological,1251,3,3
news,1252,1,1
prone,1253,1,1
manifest,1254,3,2
itself,1255,1,1
detectable,1256,1,1
imprint,1257,1,1
example,1258,3,3
active,1259,1,1
sterile,1260,1,1
Several,1261,0,0
deep,1262,6,5
inelastic,1263,5,4
nucleons,1264,3,3
viewed,1265,1,1
come,1266,1,1
coordinate,1267,1,1
picture,1268,3,3
smooth,1269,2,2
parton,1270,5,2
demonstrated,1271,1,1
analysing,1272,2,2
generalized,1273,2,2
Q,1274,0,0
polarizabilities,1275,1,1
Turning,1276,0,0
QCD,1277,0,0
strange,1278,2,2
quarks,1279,2,2
Chiral,1280,0,0
SU,1281,0,0
Dynamics,1282,0,0
non,1283,12,9
perturbative,1284,4,3
Sum,1285,0,0
Rules,1286,0,0
spontaneous,1287,1,1
symmetry,1288,6,4
breaking,1289,1,1
antiquark,1290,1,1
excitations,1291,2,2
High,1292,0,0
electroweak,1293,7,4
observables,1294,2,2
colliders,1295,4,4
If,1296,0,0
scalar,1297,6,4
should,1298,4,3
it,1299,27,20
important,1300,13,11
fully,1301,1,1
braking,1302,1,1
intermediate,1303,3,2
might,1304,1,1
instance,1305,1,1
form,1306,4,4
minimal,1307,3,3
supersymmetric,1308,2,2
extension,1309,1,1
MSSM,1310,0,0
Gamma,1311,0,0
H,1312,0,0
gammagamma,1313,3,2
width,1314,3,3
option,1315,2,2
linear,1316,4,4
quantity,1317,2,2
sensitive,1318,3,3
do,1319,6,5
docouple,1320,1,1
differences,1321,1,1
SM,1322,0,0
differ,1323,1,1
even,1324,3,3
decoupling,1325,1,1
limit,1326,5,3
pseudoscalar,1327,1,1
masses,1328,2,2
difficult,1329,2,2
values,1330,3,3
tan,1331,1,1
impossible,1332,1,1
cover,1333,1,1
qq,1334,1,1
allows,1335,2,2
O,1336,0,0
conservative,1337,1,1
Theoretical,1338,0,0
overviews,1339,1,1
cone,1340,1,1
Our,1341,0,0
treatment,1342,5,3
embedded,1343,1,1
seems,1344,2,2
encouraging,1345,1,1
result,1346,2,2
primary,1347,4,4
BaBar,1348,0,0
violating,1349,3,3
asymmetries,1350,5,4
mesons,1351,3,2
accurate,1352,1,1
Unitarity,1353,0,0
Triangle,1354,0,0
V,1355,0,0
ub,1356,1,1
cb,1357,1,1
calorimeters,1358,2,2
originally,1359,1,1
motivated,1360,1,1
thresholds,1361,1,1
excellent,1362,1,1
resolutions,1363,1,1
achieved,1364,2,2
Cryogenic,1365,0,0
dark,1366,1,1
X,1367,0,0
galactic,1368,1,1
extragalactic,1369,1,1
objects,1370,1,1
latest,1371,2,2
prospective,1372,1,1
TESLA,1373,0,0
GigaZ,1374,0,0
mode,1375,3,3
accuracy,1376,3,2
deltasin,1377,1,1
theta,1378,2,2
eff,1379,1,1
Likewise,1380,0,0
error,1381,2,2
deltaM,1382,0,0
MeV,1383,0,0
note,1384,1,1
loop,1385,3,3
corrections,1386,1,1
directly,1387,3,2
constrain,1388,3,2
affecting,1389,1,1
virtual,1390,5,5
loops,1391,1,1
constraints,1392,2,2
predicted,1393,1,1
Minimal,1394,0,0
Supersymmetric,1395,0,0
Similarly,1396,0,0
centrality,1397,4,1
elliptic,1398,7,1
how,1399,2,2
expansion,1400,2,2
hydro,1401,1,1
mostly,1402,3,3
defined,1403,4,4
anisotropy,1404,2,1
overlapping,1405,1,1
region,1406,2,2
colliding,1407,1,1
product,1408,3,3
argue,1409,1,1
indicator,1410,1,1
equilibration,1411,1,1
reached,1412,1,1
analyze,1413,2,2
AGS,1414,0,0
difference,1415,3,2
imply,1416,1,1
partonic,1417,2,2
evolution,1418,5,3
exploit,1419,1,1
qualitative,1420,1,1
RHIC,1421,0,0
Underground,1422,0,0
detected,1423,1,1
MACRO,1424,0,0
Gran,1425,0,0
Sasso,1426,0,0
purposes,1427,1,1
vertical,1428,5,3
distribution,1429,9,6
lateral,1430,1,1
angular,1431,3,3
substructures,1432,1,1
inside,1433,1,1
bundles,1434,1,1
analyses,1435,1,1
contributed,1436,3,3
bring,1437,1,1
insights,1438,2,2
activity,1439,2,2
testing,1440,2,2
tuning,1441,1,1
through,1442,5,4
rock,1443,1,1
processing,1444,2,2
genetic,1445,4,1
helical,1446,1,1
DNA,1447,0,0
strands,1448,1,1
helix,1449,2,1
coil,1450,1,1
Is,1451,0,0
relationship,1452,2,2
maps,1453,5,1
plot,1454,1,1
sequence,1455,1,1
specific,1456,1,1
propensity,1457,1,1
disruption,1458,1,1
methodological,1459,1,1
formulations,1460,1,1
set,1461,3,3
sequences,1462,2,2
complete,1463,7,4
genomes,1464,1,1
superposition,1465,2,1
leads,1466,1,1
contrasted,1467,1,1
ranging,1468,1,1
extremes,1469,1,1
perfect,1470,1,1
genes,1471,1,1
delineated,1472,1,1
stable,1473,2,2
regions,1474,2,1
unrelatedness,1475,1,1
simplest,1476,2,2
explanation,1477,3,3
striking,1478,1,1
relics,1479,1,1
primeval,1480,1,1
organisation,1481,1,1
message,1482,1,1
playing,1483,1,1
delimitation,1484,1,1
coding,1485,1,1
trace,1486,1,1
evolutionary,1487,2,1
fate,1488,1,1
signal,1489,2,1
yeast,1490,1,1
genome,1491,1,1
examined,1492,3,3
concerning,1493,2,1
gene,1494,1,1
duplication,1495,1,1
concluded,1496,1,1
signature,1497,2,2
supposed,1498,1,1
archaic,1499,1,1
erased,1500,1,1
probably,1501,1,1
underlying,1502,1,1
feature,1503,4,3
longer,1504,1,1
selective,1505,1,1
proposed,1506,4,3
interpretations,1507,1,1
notably,1508,1,1
mutational,1509,1,1
erasure,1510,1,1
DOdetector,1511,0,0
undergoing,1512,2,2
preparation,1513,1,1
document,1514,2,2
Projections,1515,0,0
observability,1516,1,1
simulation,1517,1,1
It,1518,0,0
shown,1519,4,4
sin,1520,1,1
DO,1521,0,0
uncertainty,1522,3,3
Oscillation,1523,0,0
asymmetry,1524,5,2
contributions,1525,3,3
Richard,1526,0,0
Pratt,1527,0,0
his,1528,6,3
collaborators,1529,1,1
cross,1530,9,7
section,1531,2,2
compilations,1532,1,1
NBS,1533,0,0
NIST,1534,0,0
elsewhere,1535,1,1
past,1536,1,1
Both,1537,0,0
works,1538,1,1
combine,1539,1,1
varied,1540,1,1
user,1541,1,1
groups,1542,1,1
medical,1543,2,2
engineering,1544,2,2
crystallography,1545,1,1
global,1546,3,2
crossroads,1547,1,1
embodied,1548,1,1
Society,1549,0,0
IRPS,1550,0,0
founding,1551,1,1
rd,1552,1,1
Symposium,1553,0,0
ISRP,1554,0,0
Ferrara,1555,0,0
Italy,1556,0,0
Secretariat,1557,0,0
family,1558,1,1
resided,1559,1,1
University,1560,0,0
Pittsburgh,1561,0,0
direction,1562,2,2
account,1563,1,1
origins,1564,1,1
Calcutta,1565,0,0
Spin,1566,0,0
Collaboration,1567,0,0
covered,1568,1,1
aim,1569,2,2
functions,1570,12,6
neutron,1571,6,3
deuteron,1572,2,2
targets,1573,3,3
accompanied,1574,1,1
published,1575,2,2
were,1576,4,3
measured,1577,2,2
reduction,1578,1,1
Semi,1579,0,0
analyzed,1580,3,2
polarized,1581,15,3
extend,1582,2,2
down,1583,1,1
specifics,1584,1,1
diffractive,1585,1,1
rho,1586,3,2
azimuthal,1587,1,1
transversely,1588,2,2
longitudinal,1589,1,1
P,1590,0,0
pair,1591,3,3
gluon,1592,4,3
topic,1593,3,2
details,1594,1,1
known,1595,5,5
foveal,1596,2,1
peripheral,1597,1,1
visual,1598,3,1
acuity,1599,1,1
single,1600,3,3
letters,1601,2,1
row,1602,1,1
Early,1603,0,0
showed,1604,1,1
due,1605,5,5
destructive,1606,1,1
adjacent,1607,2,2
contours,1608,1,1
termed,1609,1,1
crowding,1610,2,1
contour,1611,2,1
assumed,1612,1,1
neural,1613,1,1
explanations,1614,1,1
implicate,1615,1,1
either,1616,3,3
stages,1617,1,1
suggest,1618,2,2
much,1619,1,1
simpler,1620,2,2
primarily,1621,2,2
stimulus,1622,1,1
rather,1623,1,1
physiology,1624,1,1
spatial,1625,3,1
letter,1626,1,1
displaced,1627,1,1
frequencies,1628,2,2
vision,1629,1,1
tracks,1630,1,1
change,1631,7,5
conformal,1632,1,1
SO,1633,0,0
massless,1634,1,1
dimensions,1635,5,3
superconformal,1636,1,1
OSp,1637,0,0
N,1638,0,0
superparticle,1639,1,1
respectively,1640,1,1
had,1641,1,1
previously,1642,1,1
Lorentz,1643,0,0
supersymmetries,1644,1,1
utilizing,1645,1,1
cast,1646,1,1
superspace,1647,1,1
coordinates,1648,1,1
momenta,1649,1,1
variables,1650,5,3
supertwistor,1651,2,1
la,1652,1,1
Penrose,1653,0,0
Ferber,1654,0,0
transformed,1655,1,1
version,1656,1,1
quantization,1657,2,2
amounts,1658,1,1
compact,1659,1,1
supergroups,1660,1,1
aimed,1661,1,1
hadrons,1662,6,4
multiple,1663,2,2
polarised,1664,3,2
connected,1665,1,1
Primakoff,1666,0,0
pions,1667,1,1
kaons,1668,1,1
polarisabilities,1669,1,1
hybrids,1670,1,1
glueballs,1671,1,1
hydrogen,1672,1,1
leptonic,1673,3,2
charmed,1674,1,1
uses,1675,2,2
forward,1676,2,2
best,1677,1,1
parts,1678,2,2
equipped,1679,1,1
RICH,1680,0,0
filters,1681,1,1
principle,1682,6,4
generate,1683,1,1
egamma,1684,2,2
available,1685,3,3
More,1686,0,0
prove,1687,1,1
cost,1688,1,1
outline,1689,1,1
needs,1690,1,1
sharpened,1691,1,1
included,1692,3,3
technical,1693,1,1
proposals,1694,1,1
importance,1695,6,5
making,1696,1,1
would,1697,10,9
generally,1698,2,2
water,1699,7,2
repellent,1700,2,1
soils,1701,3,1
distinct,1702,2,1
preferential,1703,1,1
patterns,1704,1,1
repellency,1705,1,1
affects,1706,1,1
soil,1707,3,1
turn,1708,1,1
constitutive,1709,2,1
relationships,1710,2,1
imbibing,1711,3,1
Using,1712,0,0
unstable,1713,1,1
coarse,1714,1,1
grained,1715,1,1
predict,1716,1,1
practical,1717,3,2
setup,1718,1,1
characterize,1719,1,1
front,1720,5,3
behavior,1721,1,1
entry,1722,1,1
characteristic,1723,2,2
curve,1724,1,1
same,1725,7,6
heat,1726,1,1
polyethylene,1727,1,1
crystals,1728,1,1
leading,1729,2,2
inference,1730,1,1
chainfolding,1731,1,1
Andrew,1732,0,0
Keller,1733,0,0
Bristol,1734,0,0
Group,1735,0,0
His,1736,0,0
practice,1737,1,1
combining,1738,1,1
microscopy,1739,1,1
remains,1740,1,1
productive,1741,1,1
solution,1742,1,1
manifold,1743,1,1
polymer,1744,1,1
factory,1745,2,2
mu,1746,4,2
us,1747,3,3
tremendous,1748,1,1
muons,1749,2,2
Among,1750,0,0
possibilities,1751,3,2
subjects,1752,1,1
LFV,1753,0,0
PRISM,1754,0,0
Japan,1755,0,0
illustrates,1756,1,1
lasers,1757,1,1
capable,1758,1,1
pulses,1759,2,2
intense,1760,1,1
led,1761,1,1
nonperturbative,1762,3,2
multiphoton,1763,3,1
article,1764,3,3
survey,1765,1,1
emission,1766,2,2
harmonics,1767,1,1
exciting,1768,1,1
assisted,1769,1,1
atom,1770,4,3
ab,1771,1,1
initio,1772,1,1
Sturmian,1773,0,0
Floquet,1774,0,0
integration,1775,1,1
Schrodinger,1776,0,0
equation,1777,1,1
occur,1778,1,1
intensities,1779,1,1
concludes,1780,2,2
considering,1781,1,1
giant,1782,4,1
magnetostriction,1783,5,1
deformation,1784,4,2
response,1785,1,1
magnetization,1786,1,1
brought,1787,1,1
All,1788,0,0
materials,1789,3,1
exhibit,1790,1,1
occurs,1791,1,1
containing,1792,2,2
mechanical,1793,1,1
strength,1794,2,2
magnetostrictive,1795,1,1
amplitude,1796,1,1
stress,1797,1,1
extremely,1798,1,1
Magnetoelasticity,1799,0,0
strain,1800,4,2
intrinsically,1801,1,1
magnetism,1802,2,1
Coupling,1803,0,0
exists,1804,1,1
orbit,1805,1,1
smallest,1806,1,1
derives,1807,1,1
motion,1808,1,1
simplified,1809,1,1
limitations,1810,1,1
exhibiting,1811,1,1
consequences,1812,3,3
psiK,1813,0,0
reference,1814,1,1
independent,1815,2,2
stressed,1816,1,1
extract,1817,2,2
separately,1818,1,1
constructions,1819,1,1
feasible,1820,1,1
discrete,1821,1,1
ambiguity,1822,1,1
fold,1823,1,1
eventually,1824,1,1
removed,1825,1,1
Simultaneously,1826,0,0
probe,1827,2,2
dominated,1828,1,1
Principle,1829,0,0
Limited,1830,0,0
Entropic,1831,0,0
Uncertainty,1832,0,0
LEU,1833,0,0
canonic,1834,1,1
conjugate,1835,1,1
Tsallis,1836,0,0
like,1837,6,5
entropies,1838,1,1
positive,1839,1,1
nonextensivities,1840,1,1
Results,1841,0,0
illustrated,1842,1,1
sets,1843,1,1
pion,1844,2,2
nucleus,1845,1,1
shifts,1846,1,1
education,1847,2,1
considers,1848,2,2
changes,1849,3,2
culture,1850,1,1
implement,1851,1,1
reforms,1852,1,1
tertiary,1853,2,1
educational,1854,2,1
illuminate,1855,1,1
what,1856,4,3
happening,1857,1,1
courses,1858,1,1
knowledge,1859,3,3
helped,1860,2,2
costs,1861,1,1
failing,1862,1,1
reform,1863,1,1
introducing,1864,1,1
poorly,1865,1,1
guidance,1866,1,1
curricula,1867,1,1
tree,1868,1,1
calculations,1869,7,4
six,1870,1,1
Particular,1871,0,0
items,1872,1,1
Next,1873,0,0
Linear,1874,0,0
relevance,1875,3,3
showing,1876,1,1
manuscript,1877,1,1
opening,1878,1,1
lectures,1879,1,1
offer,1880,1,1
somewhat,1881,2,2
parochial,1882,1,1
exotic,1883,2,2
puzzles,1884,1,1
biophysicists,1885,1,1
econophysicists,1886,1,1
heartbeat,1887,1,1
intervals,1888,1,1
brain,1889,1,1
plaques,1890,1,1
Alzheimer,1891,0,0
brains,1892,1,1
economics,1893,2,2
common,1894,1,1
invariance,1895,6,3
universality,1896,1,1
appear,1897,1,1
vortex,1898,5,1
core,1899,4,1
vortices,1900,2,1
clean,1901,1,1
II,1902,0,0
superconductors,1903,1,1
Andreev,1904,0,0
quasiparticle,1905,1,1
dissipation,1906,2,2
Hall,1907,0,0
characteristics,1908,2,2
relaxation,1909,1,1
moving,1910,1,1
superconductor,1911,1,1
nodes,1912,1,1
extended,1913,3,3
features,1914,4,4
thermodynamics,1915,1,1
kinetics,1916,1,1
consider,1917,3,2
antilepton,1918,1,1
antifermion,1919,1,1
variable,1920,1,1
propose,1921,2,2
parametrization,1922,2,1
universal,1923,3,2
SLC,1924,0,0
input,1925,1,1
introduces,1926,1,1
whose,1927,3,3
argued,1928,1,1
approximation,1929,4,2
negligible,1930,2,2
couple,1931,1,1
previous,1932,1,1
claim,1933,1,1
Explicit,1934,0,0
discussion,1935,1,1
respect,1936,2,2
treat,1937,1,1
draw,1938,1,1
analogous,1939,1,1
conclusions,1940,1,1
devoted,1941,1,1
neutrons,1942,1,1
reported,1943,3,2
workshop,1944,2,2
bear,1945,1,1
Attention,1946,0,0
directed,1947,1,1
breakdown,1948,1,1
electric,1949,1,1
dipole,1950,1,1
moment,1951,3,3
resume,1952,1,1
Initial,1953,0,0
ISR,1954,0,0
annihilations,1955,1,1
C,1956,0,0
At,1957,0,0
identifies,1958,1,1
ALEPH,1959,0,0
Positron,1960,0,0
depth,1961,1,1
Its,1962,0,0
arrays,1963,1,1
km,1964,2,1
away,1965,1,1
coincidences,1966,1,1
CosmoALEPH,1967,0,0
above,1968,2,2
Extensive,1969,0,0
Showers,1970,0,0
EAS,1971,0,0
feasibility,1972,1,1
searching,1973,3,2
larger,1974,1,1
Layout,1975,0,0
demonstrating,1976,1,1
tunnel,1977,1,1
widegap,1978,2,1
semiconductor,1979,1,1
microcavities,1980,1,1
VI,1981,0,0
heterostructures,1982,1,1
rise,1983,1,1
enhancements,1984,1,1
exciton,1985,1,1
lasing,1986,1,1
semiconductors,1987,2,1
whether,1988,2,2
combination,1989,1,1
dimensional,1990,7,2
gain,1991,1,1
medium,1992,5,2
innovative,1993,1,1
microresonator,1994,1,1
excitation,1995,2,2
scheme,1996,1,1
lead,1997,1,1
efficient,1998,1,1
green,1999,1,1
coherent,2000,1,1
optical,2001,1,1
achievements,2002,1,1
Prof,2003,0,0
astounding,2004,1,1
when,2005,2,2
restricting,2006,1,1
bremsstrahlung,2007,2,1
He,2008,0,0
worked,2009,1,1
refined,2010,1,1
codes,2011,1,1
sections,2012,3,3
dependences,2013,1,1
validity,2014,1,1
coworkers,2015,1,1
tabulated,2016,1,1
paved,2017,1,1
highly,2018,2,2
dense,2019,4,3
plasmas,2020,4,1
For,2021,0,0
Maxwellian,2022,0,0
taken,2023,1,1
magnetized,2024,1,1
laboratory,2025,4,3
deals,2026,1,1
dE,2027,0,0
dx,2028,2,1
systematically,2029,1,1
literature,2030,1,1
Particle,2031,0,0
recommendation,2032,1,1
judge,2033,1,1
overall,2034,1,1
consistency,2035,1,1
my,2036,1,1
Ring,2037,0,0
trend,2038,1,1
hard,2039,1,1
longitudinally,2040,3,2
fromulae,2041,1,1
exchange,2042,4,4
SLAC,2043,0,0
presently,2044,2,2
underway,2045,1,1
HERMES,2046,0,0
DESY,2047,0,0
BNL,2048,0,0
HERA,2049,0,0
too,2050,1,1
interpretation,2051,2,1
LO,2052,0,0
NLO,2053,0,0
densities,2054,3,1
detail,2055,2,2
expectations,2056,2,2
factorization,2057,1,1
schemes,2058,1,1
axial,2059,1,1
anomaly,2060,2,2
origin,2061,2,1
relations,2062,1,1
moments,2063,2,2
Various,2064,0,0
phenomenological,2065,1,1
parametrizations,2066,2,2
jet,2067,1,1
DIS,2068,0,0
elastic,2069,1,1
disentangle,2070,1,1
handedness,2071,1,1
Structure,2072,0,0
them,2073,3,2
isosinglet,2074,1,1
U,2075,0,0
Goldberger,2076,0,0
Treiman,2077,0,0
soliton,2078,1,1
transverse,2079,1,1
twist,2080,2,1
thereof,2081,1,1
Burkhardt,2082,0,0
Cottingham,2083,0,0
rule,2084,1,1
revisited,2085,1,1
odd,2086,1,1
transversity,2087,1,1
delineating,2088,1,1
appendix,2089,1,1
full,2090,1,1
anomalous,2091,1,1
Altarelli,2092,0,0
Parisi,2093,0,0
splitting,2094,1,1
governing,2095,1,1
line,2096,2,1
injector,2097,1,1
deck,2098,1,1
AMS,2099,0,0
MV,2100,0,0
tandem,2101,1,1
accelerator,2102,2,2
National,2103,0,0
Institute,2104,0,0
Engineering,2105,0,0
Bucharest,2106,0,0
Romania,2107,0,0
side,2108,2,1
cesium,2109,1,1
sputter,2110,1,1
injection,2111,1,1
pre,2112,2,2
acceleration,2113,1,1
achromatic,2114,1,1
consisting,2115,1,1
amu,2116,1,1
filled,2117,1,1
Wien,2118,0,0
filter,2119,1,1
anode,2120,1,1
discrimination,2121,1,1
Presently,2122,0,0
routine,2123,1,1
soon,2124,1,1
safety,2125,2,2
assemblies,2126,1,1
incineration,2127,2,1
residuals,2128,1,1
back,2129,1,1
fuel,2130,1,1
plutonium,2131,2,1
minor,2132,2,1
actinides,2133,2,1
lived,2134,1,1
fission,2135,2,1
products,2136,1,1
calculation,2137,1,1
procedures,2138,1,1
qualified,2139,1,1
FZK,2140,0,0
Necessary,2141,0,0
extensions,2142,1,1
spallation,2143,1,1
initiated,2144,1,1
protons,2145,1,1
IAEA,2146,0,0
benchmark,2147,1,1
amplifier,2148,1,1
ADS,2149,0,0
unfavorable,2150,1,1
sub,2151,1,1
radial,2152,1,1
distributed,2153,1,1
assembly,2154,1,1
Investigations,2155,0,0
capability,2156,1,1
situation,2157,1,1
evidence,2158,3,3
summarized,2159,1,1
LSND,2160,0,0
atmospheric,2161,1,1
projection,2162,1,1
shall,2163,1,1
learn,2164,1,1
ten,2165,1,1
Quantum,2166,0,0
Chromodynamics,2167,0,0
everything,2168,1,1
spectral,2169,2,1
success,2170,1,1
reproducing,2171,1,1
operator,2172,2,2
makes,2173,2,2
valid,2174,1,1
observable,2175,1,1
electrical,2176,1,1
transport,2177,2,2
grain,2178,5,1
boundaries,2179,2,1
epitaxial,2180,1,1
thin,2181,1,1
perovskite,2182,1,1
manganites,2183,2,1
Below,2184,0,0
Curie,2185,0,0
additional,2186,3,2
boundary,2187,2,1
resistance,2188,1,1
nonlinear,2189,1,1
voltage,2190,1,1
curves,2191,1,1
magnetoresistive,2192,1,1
whole,2193,1,1
explained,2194,2,2
consistently,2195,1,1
disordered,2196,1,1
nm,2197,1,1
layer,2198,2,1
depleted,2199,1,1
increase,2200,1,1
workfunction,2201,1,1
ferromagnetic,2202,1,1
bending,2203,1,1
charge,2204,1,1
Least,2205,0,0
Effort,2206,0,0
forms,2207,2,1
Strain,2208,0,0
you,2209,1,1
recall,2210,1,1
volume,2211,2,2
force,2212,2,2
treatments,2213,1,1
blend,2214,1,1
rotation,2215,2,2
translation,2216,1,1
movements,2217,1,1
hands,2218,1,1
changing,2219,2,2
mix,2220,1,1
strains,2221,1,1
onto,2222,1,1
client,2223,1,1
tissues,2224,1,1
Harnessing,2225,0,0
interweaving,2226,1,1
dexterity,2227,1,1
aid,2228,2,2
improving,2229,2,1
efficacy,2230,1,1
tissue,2231,1,1
anchorage,2232,1,1
House,2233,0,0
addition,2234,1,1
Bernstein,2235,0,0
finding,2236,1,1
lines,2237,1,1
constant,2238,1,1
confinement,2239,1,1
cut,2240,1,1
behaves,2241,1,1
renormalised,2242,1,1
bare,2243,2,1
quartic,2244,1,1
constructed,2245,1,1
generalised,2246,1,1
Binder,2247,0,0
cumulants,2248,1,1
Numerical,2249,0,0
matching,2250,1,1
crystallizing,2251,6,1
bonding,2252,2,1
table,2253,1,1
bondings,2254,4,1
crystal,2255,1,1
orbitals,2256,1,1
bcc,2257,1,1
fcc,2258,1,1
hcp,2259,1,1
plastic,2260,3,1
twins,2261,1,1
dislocations,2262,1,1
hardening,2263,1,1
fatigue,2264,2,1
slip,2265,1,1
bands,2266,1,1
reorientations,2267,1,1
grains,2268,1,1
wear,2269,1,1
creep,2270,1,1
backward,2271,1,1
L,2272,0,0
centre,2273,1,1
leptoquarks,2274,1,1
strings,2275,1,1
zero,2276,1,1
fermions,2277,1,1
No,2278,0,0
limits,2279,2,2
Current,2280,0,0
oil,2281,3,1
spills,2282,2,1
neglect,2283,1,1
motions,2284,1,1
floating,2285,1,1
ways,2286,2,2
suggested,2287,1,1
suggestion,2288,1,1
routinely,2289,1,1
stratification,2290,2,1
upper,2291,1,1
ocean,2292,1,1
database,2293,1,1
artificial,2294,2,1
opens,2295,1,1
bosons,2296,2,2
talk,2297,2,2
sensitivity,2298,5,2
BOREXINO,2299,0,0
HELLAZ,2300,0,0
LAMA,2301,0,0
E,2302,0,0
left,2303,1,1
right,2304,1,1
symmetric,2305,1,1
recoil,2306,1,1
DeltaDelta,2307,0,0
play,2308,2,1
identifiable,2309,1,1
tempered,2310,1,1
optimistic,2311,1,1
mechanism,2312,1,1
touches,2313,1,1
sustained,2314,1,1
repulsive,2315,1,1
setting,2316,2,2
DeltaN,2317,0,0
interference,2318,1,1
ppi,2319,1,1
tensor,2320,2,2
incident,2321,1,1
Fermi,2322,0,0
tail,2323,1,1
proportionately,2324,1,1
deuterium,2325,1,1
task,2326,3,3
clearly,2327,1,1
otherwise,2328,1,1
unexpectedly,2329,1,1
multiquark,2330,1,1
really,2331,1,1
Photon,2332,0,0
Colliders,2333,0,0
operations,2334,1,1
summarizing,2335,1,1
distance,2336,2,2
Signals,2337,0,0
BFKL,2338,0,0
photons,2339,2,2
critically,2340,1,1
originating,2341,1,1
unpreceding,2342,1,1
element,2343,1,1
cd,2344,1,1
comparable,2345,1,1
equivalent,2346,1,1
Neutrino,2347,0,0
glassy,2348,1,1
glasses,2349,2,1
structural,2350,1,1
without,2351,1,1
replicas,2352,1,1
Astrophysical,2353,0,0
arguments,2354,2,1
elementary,2355,1,1
pertains,2356,1,1
axions,2357,1,1
Nambu,2358,0,0
Goldstone,2359,0,0
gravitons,2360,1,1
hot,2361,1,1
interior,2362,1,1
stars,2363,1,1
impeded,2364,1,1
update,2365,1,1
stellar,2366,1,1
context,2367,2,2
cosmology,2368,1,1
flavour,2369,1,1
neutral,2370,1,1
ugamma,2371,2,1
omegagamma,2372,1,1
arises,2373,1,1
omega,2374,3,2
widths,2375,1,1
indicative,2376,1,1
emerging,2377,1,1
subfield,2378,1,1
econophysics,2379,1,1
explores,2380,1,1
certain,2381,2,2
concepts,2382,2,2
appropriately,2383,1,1
modified,2384,1,1
receiving,2385,1,1
characterization,2386,1,1
stock,2387,3,1
price,2388,7,1
trading,2389,1,1
transactions,2390,3,1
Deltat,2391,0,0
G,2392,0,0
interval,2393,1,1
relate,2394,1,1
deviation,2395,1,1
volatility,2396,2,1
quantities,2397,1,1
variance,2398,1,1
indicates,2399,1,1
pronounced,2400,1,1
tails,2401,1,1
arise,2402,1,1
largely,2403,1,1
shares,2404,1,1
traded,2405,1,1
consistent,2406,1,1
Levy,2407,0,0
suggesting,2408,1,1
scaling,2409,1,1
co,2410,1,1
concerns,2411,1,1
stocks,2412,2,1
adapt,2413,1,1
conceptual,2414,1,1
random,2415,5,1
RMT,2416,0,0
interpret,2417,1,1
matrices,2418,1,1
depend,2419,1,1
comprising,2420,1,1
clues,2421,1,1
regarding,2422,2,1
controlling,2423,1,1
economic,2424,1,1
correlation,2425,2,1
ij,2426,1,1
coefficients,2427,1,1
returns,2428,1,1
suggests,2429,1,1
distinguish,2430,1,1
deviates,2431,1,1
Applications,2432,0,0
computing,2433,1,1
nucleonic,2434,1,1
mesonic,2435,1,1
quantized,2436,1,1
tau,2437,2,1
define,2438,1,1
total,2439,1,1
operators,2440,2,2
plus,2441,2,1
unusual,2442,1,1
desire,2443,1,1
expressed,2444,1,1
ordinary,2445,1,1
solved,2446,1,1
tractable,2447,1,1
infinite,2448,2,1
static,2449,1,1
saturation,2450,1,1
improvement,2451,1,1
lowered,2452,1,1
computed,2453,1,1
compressibility,2454,1,1
complicating,2455,1,1
rotational,2456,3,1
doing,2457,1,1
emerges,2458,1,1
Thus,2459,0,0
manner,2460,1,1
respected,2461,1,1
boost,2462,3,2
preserved,2463,1,1
maintained,2464,1,1
Lagrangians,2465,0,0
reasonable,2466,1,1
ratio,2467,1,1
accord,2468,1,1
Kpil,2469,0,0
nu,2470,1,1
complex,2471,2,1
excited,2472,2,1
decaying,2473,1,1
lowest,2474,1,1
dominant,2475,1,1
contrary,2476,1,1
doublet,2477,1,1
leptoquark,2478,1,1
guidelines,2479,2,1
mobile,2480,2,1
telephones,2481,1,1
stations,2482,2,2
conform,2483,1,1
protect,2484,1,1
against,2485,1,1
excessive,2486,1,1
heating,2487,1,1
exert,2488,1,1
influences,2489,4,2
entail,2490,1,1
adverse,2491,1,1
health,2492,2,1
inadequate,2493,1,1
indeed,2494,2,1
oscillatory,2495,1,1
similitude,2496,1,1
electrochemical,2497,1,1
activities,2498,1,1
living,2499,1,1
human,2500,1,1
prompt,2501,1,1
concern,2502,1,1
inherently,2503,1,1
aliveness,2504,1,1
cannot,2505,1,1
ones,2506,1,1
nor,2507,1,1
everyone,2508,1,1
affected,2509,1,1
exposure,2510,1,1
Notwithstanding,2511,0,0
adversely,2512,1,1
affect,2513,1,1
consistencies,2514,1,1
neurological,2515,1,1
telephone,2516,1,1
users,2517,1,1
people,2518,1,1
exposed,2519,1,1
longterm,2520,1,1
pointers,2521,1,1
accelerometers,2522,1,1
Italian,2523,0,0
Spring,2524,0,0
Accelerometer,2525,0,0
ISA,2526,0,0
Hz,2527,0,0
better,2528,2,1
prototype,2529,1,1
completed,2530,2,2
exprimental,2531,1,1
differential,2532,1,1
operated,2533,1,1
Weak,2534,0,0
Equivalence,2535,0,0
fall,2536,1,1
Biological,2537,0,0
diversity,2538,7,1
apparently,2539,1,1
seem,2540,1,1
ecological,2541,4,1
obvious,2542,1,1
simply,2543,2,1
counting,2544,1,1
species,2545,2,1
location,2546,1,1
richer,2547,1,1
estimation,2548,1,1
Second,2549,0,0
World,2550,0,0
War,2551,0,0
indices,2552,1,1
evolved,2553,1,1
roads,2554,1,1
ecology,2555,1,1
Particularly,2556,0,0
focuses,2557,1,1
geometrical,2558,1,1
complexity,2559,1,1
attractors,2560,1,1
assumptions,2561,1,1
That,2562,0,0
ecologists,2563,1,1
rely,2564,1,1
notation,2565,1,1
reelaborates,2566,1,1
foundation,2567,1,1
meaningful,2568,1,1
Performing,2569,0,0
fusion,2570,1,1
relies,2571,2,1
close,2572,1,1
cooperation,2573,1,1
discharge,2574,2,1
control,2575,2,1
DCS,2576,0,0
machine,2577,1,1
MCS,2578,0,0
generating,2579,1,1
handling,2580,1,1
configuring,2581,1,1
actuators,2582,1,1
cycles,2583,1,1
per,2584,1,1
consequence,2585,1,1
scenarios,2586,1,1
optimal,2587,1,1
utilization,2588,1,1
avoiding,2589,1,1
mismatches,2590,1,1
configurations,2591,1,1
becomes,2592,1,1
increasingly,2593,1,1
Setting,2594,0,0
discharges,2595,1,1
informal,2596,1,1
requires,2597,1,1
careful,2598,1,1
session,2599,1,1
leaders,2600,1,1
enforce,2601,1,1
correspondence,2602,1,1
automatic,2603,1,1
mediator,2604,2,1
agent,2605,1,1
formalizes,2606,1,1
shot,2607,1,1
configuration,2608,1,1
procedure,2609,1,1
Functionality,2610,0,0
protocols,2611,1,1
embedding,2612,1,1
highlights,2613,1,1
papers,2614,1,1
Laboratory,2615,0,0
Science,2616,0,0
LNS,2617,0,0
Tohoku,2618,0,0
stretcher,2619,2,1
booster,2620,1,1
STB,2621,0,0
producing,2622,1,1
continuous,2623,1,1
external,2624,1,1
ready,2625,1,1
tagged,2626,2,1
programs,2627,1,1
pulse,2628,1,1
accelerated,2629,1,1
the,0,917,99
b,0,39,16
cms,0,4,3
lhc,0,8,8
cern,0,8,6
first,0,22,18
then,0,8,7
ckm,0,4,4
finally,0,6,6
aries,0,2,1
while,0,4,4
i,0,17,13
pulsar,0,1,1
photodetectors,0,2,1
since,0,8,7
new,0,44,29
this,0,98,54
beaune,0,1,1
representative,0,2,2
here,0,7,7
monte,0,3,2
carlo,0,3,2
lagrangian,0,3,2
however,0,4,4
hamiltonian,0,1,1
lambda,0,8,4
lambdan,0,4,2
nn,0,1,1
sigma,0,4,3
xi,0,1,1
belle,0,1,1
cp,0,7,7
therefore,0,3,3
analytical,0,2,2
but,0,10,10
atlas,0,7,3
hadron,0,13,9
collider,0,13,11
w,0,11,7
drell,0,3,2
yan,0,3,2
triple,0,1,1
gauge,0,5,3
couplings,0,2,2
higgs,0,17,10
supersymmetry,0,3,3
crab,0,1,1
currently,0,11,9
imaging,0,2,2
air,0,2,2
cherenkov,0,3,2
telescopes,0,1,1
magic,0,1,1
telescope,0,1,1
after,0,4,4
j,0,2,2
ks,0,1,1
lep,0,10,5
spring,0,3,2
quark,0,10,8
ginzburg,0,1,1
landau,0,1,1
there,0,8,6
gravity,0,3,2
nasa,0,3,1
temperature,0,8,6
condensed,0,5,4
matter,0,12,9
lt,0,1,1
cmp,0,1,1
cooling,0,4,3
atomic,0,10,6
lcap,0,1,1
gravitational,0,2,2
relativistic,0,7,6
grp,0,1,1
international,0,3,2
station,0,2,2
kelvin,0,1,1
cdf,0,3,1
tev,0,7,4
fermilab,0,1,1
tevatron,0,5,3
superkamiokande,0,1,1
m,0,5,4
superconducting,0,1,1
bn,0,7,1
optimum,0,1,1
ibad,0,1,1
nozieres,0,1,1
kondo,0,1,1
anderson,0,1,1
wilson,0,2,2
europe,0,1,1
leaving,0,1,1
compass,0,3,2
sps,0,3,3
gsi,0,1,1
lear,0,1,1
european,0,1,1
europes,0,1,1
tripler,0,1,1
gev,0,12,7
z,0,5,4
bs,0,2,1
despite,0,2,2
acquisition,0,1,1
daq,0,2,1
electromagnetic,0,2,2
r,0,3,3
java,0,1,1
cleo,0,1,1
cornell,0,1,1
na,0,1,1
doppler,0,1,1
ev,0,1,1
wide,0,4,4
quantitative,0,1,1
k,0,6,3
sks,0,1,1
ge,0,1,1
intensity,0,8,6
bose,0,5,2
einstein,0,3,2
bec,0,5,1
moreover,0,2,2
furthermore,0,3,3
last,0,4,4
kamiokande,0,1,1
kamland,0,1,1
earth,0,2,2
stimulated,0,2,2
pvd,0,3,1
because,0,2,2
dc,0,1,1
mtorr,0,1,1
roadmap,0,2,1
cosmic,0,7,4
cmbr,0,3,1
q,0,11,5
turning,0,1,1
qcd,0,12,5
chiral,0,6,4
su,0,3,3
sum,0,5,3
rules,0,5,4
mssm,0,2,1
h,0,2,1
sm,0,1,1
babar,0,2,1
v,0,4,2
tesla,0,1,1
gigaz,0,1,1
likewise,0,1,1
deltam,0,1,1
mev,0,6,5
similarly,0,1,1
ags,0,1,1
rhic,0,3,2
macro,0,1,1
gran,0,1,1
sasso,0,1,1
dna,0,4,2
dodetector,0,1,1
projections,0,1,1
richard,0,2,1
pratt,0,3,2
nbs,0,1,1
nist,0,1,1
society,0,1,1
irps,0,4,1
symposium,0,1,1
isrp,0,2,1
ferrara,0,1,1
italy,0,1,1
secretariat,0,1,1
university,0,2,2
pittsburgh,0,1,1
calcutta,0,1,1
semi,0,4,4
osp,0,2,1
n,0,9,4
lorentz,0,1,1
penrose,0,1,1
ferber,0,1,1
primakoff,0,1,1
andrew,0,1,1
keller,0,1,1
bristol,0,1,1
lfv,0,2,1
prism,0,1,1
japan,0,1,1
sturmian,0,1,1
floquet,0,2,1
schrodinger,0,1,1
magnetoelasticity,0,1,1
psik,0,1,1
simultaneously,0,1,1
entropic,0,1,1
leu,0,1,1
tsallis,0,1,1
alzheimer,0,1,1
ii,0,3,2
andreev,0,1,1
hall,0,1,1
slc,0,1,1
explicit,0,1,1
isr,0,3,1
aleph,0,3,1
cosmoaleph,0,2,1
extensive,0,1,1
showers,0,1,1
eas,0,1,1
layout,0,1,1
vi,0,2,1
prof,0,1,1
he,0,3,1
maxwellian,0,1,1
de,0,2,1
slac,0,1,1
hermes,0,2,2
desy,0,2,1
bnl,0,1,1
hera,0,4,2
lo,0,1,1
nlo,0,1,1
dis,0,1,1
u,0,3,2
goldberger,0,1,1
treiman,0,1,1
burkhardt,0,1,1
cottingham,0,1,1
altarelli,0,1,1
parisi,0,1,1
ams,0,2,1
mv,0,1,1
national,0,1,1
institute,0,1,1
bucharest,0,1,1
romania,0,1,1
wien,0,1,1
fzk,0,1,1
necessary,0,5,4
iaea,0,1,1
ads,0,2,1
lsnd,0,1,1
chromodynamics,0,1,1
curie,0,1,1
effort,0,1,1
harnessing,0,1,1
house,0,1,1
bernstein,0,1,1
binder,0,1,1
l,0,3,2
borexino,0,1,1
hellaz,0,1,1
lama,0,1,1
deltadelta,0,3,1
deltan,0,2,1
fermi,0,1,1
signals,0,1,1
bfkl,0,1,1
astrophysical,0,1,1
nambu,0,1,1
goldstone,0,1,1
deltat,0,15,1
levy,0,2,1
rmt,0,5,1
thus,0,1,1
lagrangians,0,1,1
kpil,0,1,1
notwithstanding,0,1,1
italian,0,1,1
accelerometer,0,2,1
isa,0,4,1
hz,0,3,1
equivalence,0,1,1
biological,0,4,1
world,0,1,1
war,0,1,1
performing,0,1,1
dcs,0,4,1
mcs,0,5,1
functionality,0,1,1
science,0,2,1
lns,0,2,1
tohoku,0,2,1
stb,0,3,1
